,name
0,Accomplishment
1,Actual_Adherence
2,Adoption
3,Agreement
4,Attack_behavior
5,Attitude_to_Health
6,Authority
7,Ceremony
8,Collaboration
9,Communication
10,Community_Integration
11,Community_Networks
12,Community_Relations
13,Conflict_Resolution
14,Consumer_Behavior
15,Criminal_behavior
16,Crowding
17,Disaffection
18,Discord
19,Discussion__communication_
20,Disputes
21,Extended_family_relationships
22,Family_Relationship
23,Family_coping_behavior
24,Family_dynamics
25,Family_functioning_capacity
26,Father_Child_Relations
27,Fighting
28,Friendship
29,Gender_Relations
30,Gestures
31,Group_Meetings
32,Group_Processes
33,Individuality
34,Information_Dissemination
35,Interdisciplinary_Communication
36,Interpersonal_Relations
37,Intimate_relationships
38,Killing
39,Kinship_Networks
40,Left_home
41,Life_Style
42,Lifestyle_changes
43,Lives_in_a_community
44,Marital_separation
45,Mate_Selection
46,Mediate
47,Mediation
48,Murder
49,Narration
50,Needle_Sharing
51,Normal_behavior
52,Nurses_Role
53,Pair_Bond
54,Parenting_behavior
55,Popular_Culture
56,Power__Psychology_
57,Praising
58,Predatory_Behavior
59,Professional_Role
60,Promiscuous_behavior
61,Redirected_behavior
62,Rejection__Psychology_
63,Relations
64,Relationship_by_association
65,Respect
66,Role_of_father
67,Sex_exploration
68,Social_Development
69,Social_Dominance
70,Social_Identification
71,Social_Integration
72,Social_Role
73,Social_Skills
74,Social_interaction_finding
75,Social_issues
76,Social_oppression
77,Social_support
78,Socializing
79,State_Interest
80,Success
81,Tradition
82,alliance
83,allowing
84,authorization
85,beatings_nos
86,communication_behavior
87,community_organizing
88,competition
89,conformity
90,controversy
91,conversation
92,criticism
93,cultural_experience
94,defend
95,degree_of_relationship___exchange
96,external_control
97,fidelity
98,group_discussion
99,group_living
100,health_care_worker_attitudes
101,incompatibility
102,inferiority
103,interpersonal_conflict
104,interspecies_interaction_between_organisms
105,liaison
106,mandatory_participation
107,marital_behavior
108,marital_dynamics
109,membership_attrition
110,mother_and_child
111,organizational_behavior
112,perception_by_others
113,pragmatics
114,prohibition
115,psychosocial_independence
116,psychosocial_interdependence
117,role_of_child
118,role_of_parent
119,rumors
120,sanction
121,sex_for_drugs
122,social_event
123,social_life
124,stalemate
125,success_and_failure
126,unconnected
127,unsociability
128,Sharing__Social_Behavior_
129,Social_Behavior
130,Social_Adjustment
131,Agonistic_Behavior
132,Anomie
133,ascribed_status
134,bargaining
135,Child_Rearing
136,child_rearing_practice
137,community_coalition
138,Community_Participation
139,community_partnership
140,Consensual_Union
141,Cooperative_Behavior
142,Courtship
143,Dating__Social_
144,deviance
145,Diaspora
146,Difficulty_with_parents
147,Fondling
148,Formal_relationships
149,funerals
150,Genocide
151,group_cohesion
152,Group_Identification
153,group_participation
154,Harmonious_relationship_and_interaction
155,Helping_Behavior
156,Incivility
157,Kidnapping
158,Laughter
159,Marital_Relationship
160,marital_satisfaction
161,marital_sexual_relations
162,Mother_Child_Relations
163,Parent_Child_Relationship
164,Personal_Communication
165,physician_patient_interaction
166,Physician_Patient_Relations
167,Physicians_Role
168,Professional_Patient_Relations
169,Race_Relations
170,Racial_Segregation
171,Racism
172,Relationship___Sibling
173,robbery
174,Sex_Discrimination
175,Sex_Role
176,Sex_Work
177,Sexism
178,Sick_Role
179,Smiling
180,Social_Acceptance
181,social_action
182,Social_Change
183,Social_Cognition
184,Social_Competence
185,Social_isolation
186,Stakeholder_Role
187,Suicide__Assisted
188,treatment_provider_patient_relations
189,Trust__Social_Behavior_
190,population_migration
